"Source:","/media/guenter/e2f635ed-b259-42b1-a74a-a11918905714/Kicad6Projekte/prj_eload/eload/eload.kicad_sch"
"Date:","Di 07 Feb 2023 09:19:00 CET"
"Tool:","Eeschema 6.0.2+dfsg-1"
"Generator:","/home/guenter/rstest/KiCadProjekte/QControlPrj/BOM_scripts/bom_csv_order.py"
"Component Count:","41"
"Ref","Qnty","Value","Cmp name","Footprint","Order","Description"
"C101, C102, C103, C104, ","4","100nF","C","Capacitor_SMD:C_1206_3216Metric_Pad1.33x1.80mm_HandSolder","","Unpolarized capacitor"
"G1, ","1","LOGO","LOGO","ib_gk-lib:iblogo","",""
"G2, ","1","LOGO","LOGO","ib_gk-lib:iblogo_Cu","",""
"H1, H2, H3, H4, ","4","MountingHole","MountingHole","MountingHole:MountingHole_3.2mm_M3_Pad_TopBottom","","Mounting Hole without connection"
"J101, ","1","Conn_01x08","Conn_01x08","Connector_PinHeader_2.54mm:PinHeader_1x08_P2.54mm_Vertical","","Generic connector, single row, 01x08, script generated (kicad-library-utils/schlib/autogen/connector/)"
"J102, ","1","Conn_02x05_Odd_Even","Conn_02x05_Odd_Even","Connector_IDC:IDC-Header_2x05_P2.54mm_Vertical","","Generic connector, double row, 02x05, odd/even pin numbering scheme (row 1 odd numbers, row 2 even numbers), script generated (kicad-library-utils/schlib/autogen/connector/)"
"NT101, NT102, NT103, ","3","NetTie_2","NetTie_2","NetTie:NetTie-2_SMD_Pad0.5mm","","Net tie, 2 pins"
"Q101, ","1","IRF3205","IRLIZ44N","Package_TO_SOT_THT:TO-220F-3_Vertical","","30A Id, 55V Vds, 22mOhm Rds, N-Channel HEXFET Power MOSFET, TO-220AB"
"Q102, ","1","IRLIZ44N","IRLIZ44N","Package_TO_SOT_THT:TO-220F-3_Vertical","","30A Id, 55V Vds, 22mOhm Rds, N-Channel HEXFET Power MOSFET, TO-220AB"
"Q103, ","1","BC847","BC847","Package_TO_SOT_SMD:SOT-23","","0.1A Ic, 45V Vce, NPN Transistor, SOT-23"
"Q104, ","1","BC857","BC857","Package_TO_SOT_SMD:SOT-23","","0.1A Ic, 45V Vce, PNP Transistor, SOT-23"
"R101, ","1","10R","R","Resistor_THT:R_Axial_Power_L25.0mm_W6.4mm_P27.94mm","","Resistor"
"R102, R103, R104, R106, R107, R108, R109, R110, R111, R113, R114, R115, ","12","10K","R","Resistor_SMD:R_0805_2012Metric_Pad1.20x1.40mm_HandSolder","","Resistor"
"R105, R117, R118, ","3","33R","R","Resistor_SMD:R_0805_2012Metric_Pad1.20x1.40mm_HandSolder","","Resistor"
"R112, ","1","22K","R","Resistor_SMD:R_0805_2012Metric_Pad1.20x1.40mm_HandSolder","","Resistor"
"R116, ","1","1K","R","Resistor_SMD:R_0805_2012Metric_Pad1.20x1.40mm_HandSolder","","Resistor"
"TP101, TP102, ","2","TestPoint","TestPoint","TestPoint:TestPoint_THTPad_3.0x3.0mm_Drill1.5mm","","test point"
"U101, ","1","MCP604","MCP604","Package_SO:SO-14_3.9x8.65mm_P1.27mm","","Quad 2.7V to 6.0V Single Supply CMOS Op Amps, DIP-14/SOIC-14/TSSOP-14"
"U102, ","1","OP07","OP07","Package_SO:SO-8_3.9x4.9mm_P1.27mm","","Single Ultra-Low Offset Voltage Operational Amplifier, DIP-8/SOIC-8"
